Timestamp,Person,X,Y,Width,Height,Emotion
80b4ae85-aff7-4794-8b5b-40c2e5e88349,2026-08-15T05:12:52,P4,angry,58.5651,0,0,639,479
8a705599-64cc-41d7-84e9-651fdd62e90c,2026-08-15T05:14:49,P4,angry,57.6964,0,0,639,479
8a705599-64cc-41d7-84e9-651fdd62e90c,2026-08-15T05:14:49,P4,neutral,95.6555,0,0,639,479
8a705599-64cc-41d7-84e9-651fdd62e90c,2026-08-15T05:14:49,P4,angry,41.5563,0,0,639,479
8a705599-64cc-41d7-84e9-651fdd62e90c,2026-08-15T05:14:50,P4,happy,85.1897,0,0,639,479
8a705599-64cc-41d7-84e9-651fdd62e90c,2026-08-15T05:14:50,P4,neutral,89.9258,0,0,639,479
8a705599-64cc-41d7-84e9-651fdd62e90c,2026-08-15T05:14:50,P4,fear,57.0206,0,0,639,479
8a705599-64cc-41d7-84e9-651fdd62e90c,2026-08-15T05:14:50,P4,happy,96.5386,0,0,639,479
8a705599-64cc-41d7-84e9-651fdd62e90c,2026-08-15T05:14:50,P4,fear,91.3894,137,303,75,75
8a705599-64cc-41d7-84e9-651fdd62e90c,2026-08-15T05:14:50,P4,sad,45.7373,17,132,79,79
8a705599-64cc-41d7-84e9-651fdd62e90c,2026-08-15T05:14:51,P4,fear,93.1093,21,117,77,77
8a705599-64cc-41d7-84e9-651fdd62e90c,2026-08-15T05:14:51,P4,sad,47.9939,29,108,81,81
8a705599-64cc-41d7-84e9-651fdd62e90c,2026-08-15T05:14:51,P4,happy,95.653,0,0,639,479
8a705599-64cc-41d7-84e9-651fdd62e90c,2026-08-15T05:14:51,P4,fear,81.1203,8,124,74,74
8a705599-64cc-41d7-84e9-651fdd62e90c,2026-08-15T05:14:51,P4,happy,66.746,0,0,639,479
8a705599-64cc-41d7-84e9-651fdd62e90c,2026-08-15T05:14:52,P4,neutral,78.7441,0,0,639,479
8a705599-64cc-41d7-84e9-651fdd62e90c,2026-08-15T05:14:52,P4,happy,89.065,67,337,73,73
8a705599-64cc-41d7-84e9-651fdd62e90c,2026-08-15T05:14:52,P4,neutral,58.3331,75,352,77,77
8a705599-64cc-41d7-84e9-651fdd62e90c,2026-08-15T05:14:52,P4,happy,72.2902,0,0,639,479
8a705599-64cc-41d7-84e9-651fdd62e90c,2026-08-15T05:14:53,P4,neutral,99.2769,0,0,639,479
8a705599-64cc-41d7-84e9-651fdd62e90c,2026-08-15T05:14:53,P4,fear,53.7287,191,369,80,80
8a705599-64cc-41d7-84e9-651fdd62e90c,2026-08-15T05:14:53,P4,happy,67.4656,0,0,639,479
8a705599-64cc-41d7-84e9-651fdd62e90c,2026-08-15T05:14:53,P4,fear,79.9312,2,188,68,68
8a705599-64cc-41d7-84e9-651fdd62e90c,2026-08-15T05:14:54,P4,angry,80.3486,33,167,67,67
8a705599-64cc-41d7-84e9-651fdd62e90c,2026-08-15T05:14:54,P4,fear,92.1228,0,0,639,479
8a705599-64cc-41d7-84e9-651fdd62e90c,2026-08-15T05:14:54,P4,angry,78.7193,253,367,70,70
8a705599-64cc-41d7-84e9-651fdd62e90c,2026-08-15T05:14:54,P4_2,fear,98.8807,47,166,64,64
8a705599-64cc-41d7-84e9-651fdd62e90c,2026-08-15T05:14:54,P4,fear,88.1931,53,173,63,63
8a705599-64cc-41d7-84e9-651fdd62e90c,2026-08-15T05:14:55,P4,neutral,53.5231,87,184,59,59
8a705599-64cc-41d7-84e9-651fdd62e90c,2026-08-15T05:14:55,P4,fear,81.9697,89,184,59,59
8a705599-64cc-41d7-84e9-651fdd62e90c,2026-08-15T05:14:56,P4,sad,50.8294,0,0,639,479
8a705599-64cc-41d7-84e9-651fdd62e90c,2026-08-15T05:14:56,P4,neutral,75.1282,195,178,63,63
8a705599-64cc-41d7-84e9-651fdd62e90c,2026-08-15T05:14:57,P4,fear,82.0344,195,174,67,67
8a705599-64cc-41d7-84e9-651fdd62e90c,2026-08-15T05:14:57,P4,sad,48.1715,195,171,65,65
8a705599-64cc-41d7-84e9-651fdd62e90c,2026-08-15T05:14:57,P4,neutral,54.0254,196,169,61,61
8a705599-64cc-41d7-84e9-651fdd62e90c,2026-08-15T05:14:57,P4,sad,69.9324,196,167,61,61
8a705599-64cc-41d7-84e9-651fdd62e90c,2026-08-15T05:14:57,P4,fear,94.0141,0,0,639,479
8a705599-64cc-41d7-84e9-651fdd62e90c,2026-08-15T05:14:58,P4,neutral,62.3424,221,111,74,74
8a705599-64cc-41d7-84e9-651fdd62e90c,2026-08-15T05:14:58,P4,sad,75.042,216,101,78,78
8a705599-64cc-41d7-84e9-651fdd62e90c,2026-08-15T05:14:59,P4,fear,32.564,198,126,84,84
8a705599-64cc-41d7-84e9-651fdd62e90c,2026-08-15T05:14:59,P4,happy,97.0612,197,138,88,88
8a705599-64cc-41d7-84e9-651fdd62e90c,2026-08-15T05:14:59,P4,neutral,92.4646,199,144,87,87
8a705599-64cc-41d7-84e9-651fdd62e90c,2026-08-15T05:14:59,P4,sad,51.2089,200,146,86,86
8a705599-64cc-41d7-84e9-651fdd62e90c,2026-08-15T05:14:59,P4,neutral,55.0545,201,137,87,87
8a705599-64cc-41d7-84e9-651fdd62e90c,2026-08-15T05:14:59,P4,sad,45.6979,205,130,88,88
8a705599-64cc-41d7-84e9-651fdd62e90c,2026-08-15T05:15:00,P4,angry,28.3607,215,141,97,97
8a705599-64cc-41d7-84e9-651fdd62e90c,2026-08-15T05:15:01,P4,sad,34.4945,216,138,94,94
8a705599-64cc-41d7-84e9-651fdd62e90c,2026-08-15T05:15:01,P4,happy,87.9431,0,0,639,479
8a705599-64cc-41d7-84e9-651fdd62e90c,2026-08-15T05:15:01,P4,neutral,43.0999,223,153,80,80
8a705599-64cc-41d7-84e9-651fdd62e90c,2026-08-15T05:15:01,P4,sad,65.5497,223,160,76,76
8a705599-64cc-41d7-84e9-651fdd62e90c,2026-08-15T05:15:01,P4,fear,59.0356,217,160,81,81
8a705599-64cc-41d7-84e9-651fdd62e90c,2026-08-15T05:15:01,P4,neutral,51.7781,216,162,81,81
8a705599-64cc-41d7-84e9-651fdd62e90c,2026-08-15T05:15:02,P4,happy,71.8956,228,135,90,90
8a705599-64cc-41d7-84e9-651fdd62e90c,2026-08-15T05:15:02,P4,fear,58.3934,229,128,89,89
8a705599-64cc-41d7-84e9-651fdd62e90c,2026-08-15T05:15:02,P4,neutral,35.3391,231,138,88,88
8a705599-64cc-41d7-84e9-651fdd62e90c,2026-08-15T05:15:02,P4,fear,85.9599,227,143,93,93
8a705599-64cc-41d7-84e9-651fdd62e90c,2026-08-15T05:15:03,P4,neutral,65.6171,228,144,89,89
8a705599-64cc-41d7-84e9-651fdd62e90c,2026-08-15T05:15:03,P4,sad,58.6055,229,137,86,86
8a705599-64cc-41d7-84e9-651fdd62e90c,2026-08-15T05:15:03,P4,happy,99.9973,0,0,639,479
8a705599-64cc-41d7-84e9-651fdd62e90c,2026-08-15T05:15:05,P4,fear,95.5061,128,112,89,89
8a705599-64cc-41d7-84e9-651fdd62e90c,2026-08-15T05:15:06,P4,sad,74.6514,0,0,639,479
8a705599-64cc-41d7-84e9-651fdd62e90c,2026-08-15T05:15:07,P4,fear,90.2356,80,115,69,69
8a705599-64cc-41d7-84e9-651fdd62e90c,2026-08-15T05:15:09,P4,happy,99.207,0,0,639,479
8a705599-64cc-41d7-84e9-651fdd62e90c,2026-08-15T05:15:09,P4,sad,60.5097,210,153,76,76
8a705599-64cc-41d7-84e9-651fdd62e90c,2026-08-15T05:15:09,P4,fear,90.4579,204,156,74,74
8a705599-64cc-41d7-84e9-651fdd62e90c,2026-08-15T05:15:09,P4,sad,97.2697,0,0,639,479
8a705599-64cc-41d7-84e9-651fdd62e90c,2026-08-15T05:15:09,P4,neutral,81.1332,0,0,639,479
